"0","tamaramorrison@hotmail.com","pbkdf2:sha256:600000$IcWHcg0XvJZ9z0In$6a625da32d4bd550a2a3603cc1707e95605eea02e8f72599aedd49c1f9a881ff","Gary","Cross"
"1","woodtina@gmail.com","pbkdf2:sha256:600000$SHq5iDvlY2Ptlkia$aa2470abc1abca3de68055fd5d5b98af3f7416e24a9f61330cdec1d9a11866a9","Denise","Thornton"
"2","rogersbrandon@yahoo.com","pbkdf2:sha256:600000$gL2veKjUrNggGM1C$c7abe3a8e48be5983d86acca27aab66a4a25fcc5e95309476dbab7fdcada4653","Christina","Saunders"
"3","davidbanks@yahoo.com","pbkdf2:sha256:600000$PCMDJa2salwhVE1v$1be9a03ab736e62a07963fd493eaf0601e561af10f7641ee184bd96a03a8d68c","Kathleen","Collins"
"4","samanthasims@yahoo.com","pbkdf2:sha256:600000$R6vUiTgLl2xtzwMS$2c1f7435ffca60a82bfb8cd9bd6cbdfac522eca5f44a8cd1e1362e777c8afeb5","Timothy","Parker"
"5","amyvelazquez@gmail.com","pbkdf2:sha256:600000$pzp7XqFYOr59x0BE$ed38e5b3f89eca4ba6079a733a1e7736c9ce680a3ede9ebcc11113947289fd40","Dr.","DDS"
"6","dpatrick@gmail.com","pbkdf2:sha256:600000$COJEbthEkuWEav8L$4e9a4b4e2d4e6d5c3b8b24b97f3867706846c1d0ebe1b6c2f44279f3f2a35ba5","John","Gibbs"
"7","huberrachel@gmail.com","pbkdf2:sha256:600000$ARb6kQdmPMcoyJU7$65e6135fde89fd93a42c0ac09ea5bde92321e4df29cf0d722badb24463e311bb","Julie","Chen"
"8","karicarter@yahoo.com","pbkdf2:sha256:600000$DoK7CYUuqZoQBwnd$cd1ce4cd49b9fc6adb43692e28b35363a189b9d9ea5bb938f227da92a1266194","Ashley","Cooper"
"9","bramirez@gmail.com","pbkdf2:sha256:600000$3Nb0p2l8c0OXgFUI$b5cb1ea27a36271163799dca4e19d89e3f04ae988beaa83f030f5598ac6876b8","Christina","Smith"
"10","mcdanielchristopher@hotmail.com","pbkdf2:sha256:600000$q2ct9yabOre1JPDB$20003ff2965ff76f6d5c2ff3f73758ca2551c425bd054e3b5fdd78a7ee278fce","Leslie","Taylor"
"11","fcarpenter@yahoo.com","pbkdf2:sha256:600000$WZEmtcvg71UQl0wy$9359123b4f838926227de17571047fe8cd2f748d235e58dd134444b4066d468e","Amanda","Schultz"
"12","nhenson@yahoo.com","pbkdf2:sha256:600000$89EdtGrXHwXAHSkY$76c26765a4f8889579bfcee46ea631dc0bc2683bfcc3da5e05381624603cbb20","Kristen","Smith"
"13","taylorjamie@yahoo.com","pbkdf2:sha256:600000$xD9ddJvWLS7PXGJp$ddd927f50516722b0b5dbd9045000585e77cdd7123b1a2ef3509fa904dcd6cf6","Mitchell","Payne"
"14","areyes@yahoo.com","pbkdf2:sha256:600000$cNXyusy6fqg2u9Dl$ed302d4dd2cabd391b69a4159ae7b72275024557c3be8e13e662c72db622d3f7","Katherine","Brown"
"15","zmorgan@yahoo.com","pbkdf2:sha256:600000$EEXNAKi00dVcghX6$d042f4199ef5f10fced164ed1fd2da3e0879330f2207944f138f49d750b5b3bb","Jessica","Hancock"
"16","rfischer@yahoo.com","pbkdf2:sha256:600000$MjFhO0IufzEAa3OF$166ac374345a05467ed1c34f000faa221ba58e73bc9306088be75b229c83897e","Gloria","Smith"
"17","vasquezkathryn@gmail.com","pbkdf2:sha256:600000$K4bNliC1YUBCYNMg$77976442419667e8145e6faa4dcf7f6393db7a75cd3decea982184b8f16bbc7d","Miguel","Shields"
"18","kimberly87@gmail.com","pbkdf2:sha256:600000$jYCyMyAVyslPkT4f$2be1b475165e07f8421fd562b85ad00150d6aa8b4da74caf5002d835388580d2","Kyle","Powell"
"19","wbrown@hotmail.com","pbkdf2:sha256:600000$63JVBpxFTWV4dKkB$f37e38923aff6bd3269eb9112dafb29004c37fd012e8f20bb8dc4fe341a32590","William","Hensley"
"20","pwilliams@hotmail.com","pbkdf2:sha256:600000$Y1j3z3sxZUjbipmR$02a78a37af07bd534a892495b815e5752f55ac39a95fadd1149136f75685f2c9","Brett","Donaldson"
"21","houstonwhitney@hotmail.com","pbkdf2:sha256:600000$JSiWkcYjHY1uwFH5$dedee556dd9b141dfb8617a54a1d8b5f62a17bc71297d34a060b553a68c72cb9","Thomas","Cook"
"22","pford@hotmail.com","pbkdf2:sha256:600000$9PsR8uBiZMCw9RQu$9013c8491d2c530d34148a225f0e448c788340b347ff88b652cd7896f988db77","Tina","Thompson"
"23","elizabeth32@hotmail.com","pbkdf2:sha256:600000$5vIgX4ob8lOXqvTt$1290aa7bd044ace3eb377fb01e4bb69027dc266d017f6a287e99bebe1e8d610b","Lauren","Walters"
"24","nancy51@hotmail.com","pbkdf2:sha256:600000$TDxLGAXM3P5dbSS3$42be319c4c6400ac8a00d7b4f8cb36224ea94ee28343895ef405207949db4eb7","Troy","Hawkins"
"25","danielrobles@yahoo.com","pbkdf2:sha256:600000$S1owtDKzBLkEoLHF$1b9d0fd0654b2cc86832c6e869c16befc60176e72d18866c1f5de052c1767149","William","Bray"
"26","griffinpamela@hotmail.com","pbkdf2:sha256:600000$ftM5rCKF6GsW1pWb$70ff4d4d868cb99de5787c58d2a15926d466fb13a054a8e78e3484e443a8cf74","Melissa","Wells"
"27","qmyers@yahoo.com","pbkdf2:sha256:600000$96624Sk7wE5CUdls$f982824669aeea6f0ee1bbf95d3dd68da721a2470ce0288b63c4c432ddb0dcc5","Amy","Sanchez"
"28","jeremy94@gmail.com","pbkdf2:sha256:600000$568bezyUx4DDphUO$26e19c6d9fce660319fc0ad1a12899b005ab88112518f0ff24d866dfe244ee1e","Joshua","Jones"
"29","wendysteele@gmail.com","pbkdf2:sha256:600000$pB9qwiXaxLw5GTyH$a987ab49b147792d1df2a75b400f9ae4b4d169cf7b68c283ed3f59b66c4a3e10","Zachary","Garcia"
"30","hartmanrobert@hotmail.com","pbkdf2:sha256:600000$iaAf4isRqKbKpLrS$91c6bd9e8ec71b1b8a40bfd2e9d5167f407e05a0522e8d7851d6bb9bb6d1b422","Kim","Ortiz"
"31","martinezchristopher@gmail.com","pbkdf2:sha256:600000$wUeEFtbQ24S8fndX$cc10e104dd5d7f42f287651930a77acd9e4ae03f845fdaae70c880db1c2d9f79","Kristin","Ibarra"
"32","qstark@yahoo.com","pbkdf2:sha256:600000$dwTv9u8VACiMWj8Y$cc5bc8e4015f51d93897c07622a073cacf4e6264e5cb8920d37cefc17ec783da","Eric","Taylor"
"33","waynebarnes@yahoo.com","pbkdf2:sha256:600000$Gu5H7cVWqDrn8sNG$a327e1f110ee84391d3111a8374e5069a9ed233679180bc3c4d3972218ff395c","Daniel","Mccall"
"34","vschneider@gmail.com","pbkdf2:sha256:600000$HRy4P8hLKkBqcvVL$ff6c9c157125119c0f6a57b60798dffe618729ea00b2302f7f6257dac7dbe223","Brian","Kelly"
"35","ostone@gmail.com","pbkdf2:sha256:600000$WBKx9Pw37a2i0J0R$81bab2213af526926382a849aa7295ddb05e777603c12cf846275c870e024948","Abigail","Hoover"
"36","blewis@hotmail.com","pbkdf2:sha256:600000$drJD2yLMhjgKIUnW$81a15b09f0a61e7552aa041d526cae974099fc7afa99856718f624417ba04263","Ashley","Williams"
"37","hbrown@gmail.com","pbkdf2:sha256:600000$HCl6mEhE1wqQ6sE7$fb829f4c492903b07426722ebe5fee93f2acca05f6a4e6bf492f22fe589cc9e1","Edward","Hill"
"38","joylowe@yahoo.com","pbkdf2:sha256:600000$cuOUmHYIFOaHiiVx$08ae114b5c3715597305f7c2f19a5e285264fee76fd8a400f9a797a3add44e1a","Chad","Bridges"
"39","sandygarcia@gmail.com","pbkdf2:sha256:600000$3VJo67GcWWiyeEPr$4fd06d1149c648f84b94c0c5d3592143729658a5e30d55fde11f9a8cdfa1ec49","Dalton","Fritz"
"40","nbaker@gmail.com","pbkdf2:sha256:600000$HGP8SDzQrnSiVyVv$317b25fd96ea72dbf35f1e091133c6ad18865ad09194414d47380e45e80a0698","Erica","Vega"
"41","jenniferbaldwin@hotmail.com","pbkdf2:sha256:600000$Krm0ibXfrZQB40Q2$e7187e727129952bdb3696b8f5d62f1661c2844e52432efb23a3adb30495a9c9","Dawn","Russell"
"42","codyherring@hotmail.com","pbkdf2:sha256:600000$8sCKMdiLZCj9TcvU$9b821a9d378dd62882ef689e929e7acf3c8b59c808d331ea59cd2a534c5bd328","Erica","Le"
"43","tgilmore@yahoo.com","pbkdf2:sha256:600000$e48BC83p39R5r3JP$78ebc7ef2ab81fbc379756429e3c41a6140e4de76ac13f1b7d83a6c08113e3cb","Kenneth","Castro"
"44","justinbonilla@hotmail.com","pbkdf2:sha256:600000$Oop2xZj1GyrhwTrW$03dc3540377d8cdcd0f7370d633780f949caf8dab8ed343df13f7b78aa65f725","Daniel","Patterson"
"45","webereric@hotmail.com","pbkdf2:sha256:600000$fA5RyZTp9eL15nAw$0ee28dbd2f5323332af34f6d9b3848d632f7892df0f2e83b9749ecb18ecfefec","Douglas","Yates"
"46","denisetaylor@gmail.com","pbkdf2:sha256:600000$u2oWqt4YpvoQphrc$3c6b972f96fa559fc1a9e453c344576abd388c29a879bf6399ecd52c9f743470","David","Steele"
"47","jyoung@gmail.com","pbkdf2:sha256:600000$kf16HZi2ZsLXdtiE$6801e13657bef848a378d116dda2e8b1ac70ea3f3b77dbe1309896315b981b98","Christopher","Green"
"48","upeters@hotmail.com","pbkdf2:sha256:600000$FhPNCQvwgl2vAN3y$b93df64a05e313e8f894172521ee20329982db62d0ab881181253fa5f6de21ee","Maria","Valentine"
"49","torreskyle@hotmail.com","pbkdf2:sha256:600000$ID5oomC9aWmhOiCS$9864541769cbba298819996a72f36b5767e1328b16e5768ab8d79a3d9990af92","Beverly","Taylor"
"50","christopher91@gmail.com","pbkdf2:sha256:600000$FCXuzmgWS4bMrpec$cca8aaaa9d10a6f4322668679c4a9bef86617d48791991358cf7031887e2dab9","Kristin","Alvarez"
"51","yolandabraun@gmail.com","pbkdf2:sha256:600000$81FVsuESXlz2qSlS$2eceeaa0a82e1af22f1338714ad55ed94601b336f570a200a459720630e5584d","Scott","Lawrence"
"52","olsonjohn@gmail.com","pbkdf2:sha256:600000$GwLBlCYWSA03CdIl$a1b77f125f12c0f8f28a4ba2a2dfceb41092900ebbc6b47090fb427527f697a0","Perry","Jr."
"53","erin71@yahoo.com","pbkdf2:sha256:600000$QNzUKPFr0REap3BF$755a7020a8041c755f429176d9530ee7389953fa28074f646409d5a5644caa46","David","Rivera"
"54","kelly22@hotmail.com","pbkdf2:sha256:600000$fpn1MjRC44q3OJtJ$cff31dae0e7efa90474ab7be07364d071d501ad55104dd2d1b30c637ff193542","Shannon","Rivera"
"55","beverlysmith@yahoo.com","pbkdf2:sha256:600000$3epIS7x4Rq0W3HY8$3321848e1a22e16735751e8bbcd3b798d7c5403b4f6a046bea13bee1173ec588","Katherine","Smith"
"56","ktucker@hotmail.com","pbkdf2:sha256:600000$w9QWoERS3xUngS03$4eea76f452ad89a50702d176a0588ad1a8ecde5e2f48051795eee07b6c341cb8","Elaine","Morris"
"57","gordon43@hotmail.com","pbkdf2:sha256:600000$rd8wClECwgiQK8qw$b37e67e388cc0acc3adcd6b1f6e60fd31d24e69bb9df137ac1ecf330ad13e437","Wayne","Reed"
"58","kennethwashington@gmail.com","pbkdf2:sha256:600000$FFa7Y2gSUSgiJ0pd$4ff776431c2d48778d1db0ce1313df310e4c3ef60cb512427ca3fc9890dccad7","Jennifer","Marsh"
"59","zharris@hotmail.com","pbkdf2:sha256:600000$bXsA6hfuMVDdrwlJ$28e2cf149be8cfeab1682e3ec2c9641ade60b22bad3e99b5ab2539e2901607a3","Richard","Haynes"
"60","davidlewis@gmail.com","pbkdf2:sha256:600000$BcL1EMEBFwE8fGIE$641741c9b43ca747237df1529468345d4605372818807e16fb4b6a6a734be81a","Sean","Jackson"
"61","joshuakent@yahoo.com","pbkdf2:sha256:600000$pXsaR2BA7qWYutqK$a13a4adea946c5574fc70bdb8060e9cbd92ebe660b77bec35a9eb34f1c688d5d","Billy","Graham"
"62","tammy10@yahoo.com","pbkdf2:sha256:600000$thJvgBpA8KLrDxxj$11df5aaaa0a89d887c8ce0bf786c29a0e8aa14ea31596f276c666ba3721f563b","Christopher","Mitchell"
"63","christianhernandez@gmail.com","pbkdf2:sha256:600000$k1bDur3NJsB7KBia$76e10d5e3b83c7996fd83fe4009f74aed9514b87ffc2fa55ccdee94a5e0c717d","Jeffrey","Griffin"
"64","randallwendy@yahoo.com","pbkdf2:sha256:600000$IwWtrmKWDBCnuRfo$3413e4964d3aff63baccaa8ed24cbc6e580bd9a38f4f13ed9dc8ea8c4e054806","Chase","Foley"
"65","heathercrawford@yahoo.com","pbkdf2:sha256:600000$VSeGaa1fX08amALo$b7c7c5c82af865c0c6e24c94731343d4c00cf9be26ed108af47b9a0ff50447af","Matthew","Cisneros"
"66","pauldiaz@gmail.com","pbkdf2:sha256:600000$VjboTwANSt75zA1f$6422bb54ae14127c4dc2c35dd628d83ca07b4b0d281c03303ab22cc526e5ebe4","Tyler","Pace"
"67","victorlewis@gmail.com","pbkdf2:sha256:600000$nevmqSb48jkHieiN$06624092fb97be7bc317618195ab65fc216477bc21136014d93f8a919a6e4a8d","Matthew","Beltran"
"68","armstrongcolleen@gmail.com","pbkdf2:sha256:600000$s67Lks6xq4E4B0Ab$5db01906cbff0221aa4a01432b53ede7c99f60d65f343e947aa76014a63c7d66","Sandra","Powell"
"69","mwade@hotmail.com","pbkdf2:sha256:600000$omK3RW3KQ4E1dXyM$7a1b39d2288b38d6729863f5e2abf64f2fd08856f4133ddc581caef5279caa32","Matthew","Jones"
"70","kristinperry@yahoo.com","pbkdf2:sha256:600000$VSxWynznablkSHgm$559a28c85ba69138394673fd24050a500f7fa20b3aaaf1fe1f1bad92bb4b346d","Jacob","Roy"
"71","cbrown@yahoo.com","pbkdf2:sha256:600000$DBOfkv5NoheRc5h1$d067050f21d553733abe6b1d98ecbe397bbaf6612c522363d4a803895d1cb58c","Shannon","Boyd"
"72","patricklopez@hotmail.com","pbkdf2:sha256:600000$mJgnmVCPDydfq5vI$7592edfca0f5a21cc9c8959be35644589758020d5c3ecc1115c2b326ae355601","Jessica","Wilson"
"73","osanders@gmail.com","pbkdf2:sha256:600000$WN1UX9EhvHQZJBRx$d0ab05375399a791818ac7671461c22754ba54c8ca80f13e98980d8ee598eeb6","Keith","Ramsey"
"74","sharon91@hotmail.com","pbkdf2:sha256:600000$Xbyor8qdYzqWe9Kj$e46c2f30efaa0504bfbde54c2c13d30d694fe82c3e201a508fbcd52b0f0c8b4e","Lori","Dominguez"
"75","privera@gmail.com","pbkdf2:sha256:600000$48qLZpX9fZLHXERj$ee68676c5389a90c731b92dc26827d06e0e1a4d25e47d1ad0d7d06014db3bf0f","Patricia","Pearson"
"76","brian64@yahoo.com","pbkdf2:sha256:600000$TTkNOOea5i9IHBrr$91572b6efa59847e12ad53932e409e9d35003eb664729c797d493a7bab5c1bb5","Alan","Pineda"
"77","diazfrank@yahoo.com","pbkdf2:sha256:600000$rFNxxbXwyvDYeSwQ$29c33447a16a5fdea5153547de498c972fe080f9e8efab0ecfbd305cb3ced657","Jamie","Clark"
"78","qferrell@hotmail.com","pbkdf2:sha256:600000$6M3qbyYiIMcNeY7E$5c4bdf12fec1c921f6e715ebdbb686a06cc8d8a48b9b21f336f029cbabbdc094","Tracey","Bartlett"
"79","patrick19@yahoo.com","pbkdf2:sha256:600000$eMAjWYe2LBWuSyBn$644006d8579353b7c720b311d2ef241885e5067b1ed59c91aef60ad5865ffaa6","John","Coleman"
"80","derek56@hotmail.com","pbkdf2:sha256:600000$STkmGFGs1ciUxzDA$b4a5815e4218c5d03bd170e8aff1a0e77275f6b6fda3953551a6ac69f3cbbd64","Edward","Ochoa"
"81","jacob95@gmail.com","pbkdf2:sha256:600000$QFbie09TM7amHmsZ$a8ee54cd83196733a9c437c9ce996ca070ca41c2497445afe628d4694cb378bd","Sheri","Jennings"
"82","ppatel@gmail.com","pbkdf2:sha256:600000$mx9V7Au1iJtdg8le$9a1a4f9f2b9e82852dc58612af1597f38b6cd0737bb9ca5c87815f89d234e87b","Deanna","Holt"
"83","nicholasmorgan@hotmail.com","pbkdf2:sha256:600000$e3AvGThhriveYRXZ$ecb436b6527e8dec73c78942af843842b9053010d8ff1a333a24e4564b26ebef","Larry","Palmer"
"84","dwells@hotmail.com","pbkdf2:sha256:600000$rOzY0WqVJLik1V4c$6e8338d5c333bd97607e7fc3db62bae6f577b6b1910337788d80cc0e03e11226","Kristina","Higgins"
"85","amyporter@yahoo.com","pbkdf2:sha256:600000$6kVoSohACUNhG3Yr$d435d5fada9eb03f7e6c2e2e2f17be0e84341317a61d3d21723710cddc4549c4","Shawn","Matthews"
"86","lindseylynch@hotmail.com","pbkdf2:sha256:600000$YJJh3IbxnTr2CBUe$87cd9f915d035aa1d3f283d4645add112a335306a4b4ec1692ec67e9b1fd636a","Leslie","Pugh"
"87","lcollins@gmail.com","pbkdf2:sha256:600000$a4293eI1O14lGTdJ$1dbd49ce0777a50253adf35ef08bb12e1602bcbfb7818ec474b1758ad40ce7c5","James","Rodriguez"
"88","john71@hotmail.com","pbkdf2:sha256:600000$uerHWK5InhoCsOQ9$e71c4d719330e119ad5224c082ebac7f786dd1d851a19baa72936179571fc062","George","Butler"
"89","deborah72@hotmail.com","pbkdf2:sha256:600000$4ZtAqdSYVCDkQ6Zu$09c2c25dba415047d6d5fabf5f932890a9b24631c0e787590c79e24bc4f8213c","Shawn","Gregory"
"90","irwinwyatt@gmail.com","pbkdf2:sha256:600000$F9w3XmnNhdqzhuXv$e0f5451cb9f5659acdb1bdd3b811713cfdb5ca3ed373f5e922649d8fcd7d7879","David","DDS"
"91","pbrown@yahoo.com","pbkdf2:sha256:600000$YN4Ty6hYluhG2ngu$5927ca1bfe5c13495759198ffbdebbc674a4666facbe3b5162f384e42ceaea0d","Mark","Chapman"
"92","elizabethyang@gmail.com","pbkdf2:sha256:600000$t4ePCGdTKwYbv4oV$aeb8937a9eb1f9a43b8f705cdb0a6c883814189e8271a99cf64ea442dbc50671","Savannah","Miller"
"93","zwilson@hotmail.com","pbkdf2:sha256:600000$kGGQrl2h32Ih6Aje$1c770dc65dee811810a5345ddfef0601779a17b4ec61ca2d9fbef61d6a4392d1","Matthew","Doyle"
"94","drakefrederick@hotmail.com","pbkdf2:sha256:600000$YZSHGlVYIHPGrQH0$4098205aecc073f58e1a5bf92bc446c73101df2d0385b4b7b8fc1de6ed147e45","Daniel","Carter"
"95","mforbes@yahoo.com","pbkdf2:sha256:600000$HIudoD5v84H4XKjm$4b3e024ed796d8c8df85b13390b03d32a27ef310b4196d554c9493d8d12dd767","Donald","Ponce"
"96","hillshelley@gmail.com","pbkdf2:sha256:600000$K4kU0lwdo2zzsRT0$8583819bd792527ed15002831bc2fe10001c5fe508801cfb9f6875b56a02432e","Dr.","IV"
"97","brittanymendoza@gmail.com","pbkdf2:sha256:600000$rwaQj8HWA4nQiQyY$d9d23f7ff349098e138bfcdadaa38556bee21e98123c187a5508b570b74c198d","Adrienne","Friedman"
"98","taylor42@yahoo.com","pbkdf2:sha256:600000$iT6dLrJiUZOQXuun$0476a1e865ccb1abb77e31e59d47ca0c2f93af435a6b76dc4c5d2c9569f3a99b","Justin","Adams"
"99","jacksonlori@gmail.com","pbkdf2:sha256:600000$FpcFPY00OJEEkr1G$673ea5e2372d6693aa96db5a038362955aaa23b3cfc5c92554669e249e8c6e55","Michelle","Welch"
